-- phpMyAdmin SQL Dump
-- version 5.2.1
-- https://www.phpmyadmin.net/
--
-- Servidor: 127.0.0.1
-- Tiempo de generaci贸n: 30-10-2025 a las 18:29:28
-- Versi贸n del servidor: 10.4.32-MariaDB
-- Versi贸n de PHP: 8.2.12

SET SQL_MODE = "NO_AUTO_VALUE_ON_ZERO";
START TRANSACTION;
SET time_zone = "+00:00";


/*!40101 SET @OLD_CHARACTER_SET_CLIENT=@@CHARACTER_SET_CLIENT */;
/*!40101 SET @OLD_CHARACTER_SET_RESULTS=@@CHARACTER_SET_RESULTS */;
/*!40101 SET @OLD_COLLATION_CONNECTION=@@COLLATION_CONNECTION */;
/*!40101 SET NAMES utf8mb4 */;

--
-- Base de datos: `phpmyadmin`
--
CREATE DATABASE IF NOT EXISTS `phpmyadmin` DEFAULT CHARACTER SET utf8 COLLATE utf8_bin;
USE `phpmyadmin`;

-- --------------------------------------------------------

--
-- Estructura de tabla para la tabla `pma__bookmark`
--

CREATE TABLE `pma__bookmark` (
  `id` int(10) UNSIGNED NOT NULL,
  `dbase` varchar(255) NOT NULL DEFAULT '',
  `user` varchar(255) NOT NULL DEFAULT '',
  `label` varchar(255) CHARACTER SET utf8 COLLATE utf8_general_ci NOT NULL DEFAULT '',
  `query` text NOT NULL
) ENGINE=InnoDB DEFAULT CHARSET=utf8 COLLATE=utf8_bin COMMENT='Bookmarks';

-- --------------------------------------------------------

--
-- Estructura de tabla para la tabla `pma__central_columns`
--

CREATE TABLE `pma__central_columns` (
  `db_name` varchar(64) NOT NULL,
  `col_name` varchar(64) NOT NULL,
  `col_type` varchar(64) NOT NULL,
  `col_length` text DEFAULT NULL,
  `col_collation` varchar(64) NOT NULL,
  `col_isNull` tinyint(1) NOT NULL,
  `col_extra` varchar(255) DEFAULT '',
  `col_default` text DEFAULT NULL
) ENGINE=InnoDB DEFAULT CHARSET=utf8 COLLATE=utf8_bin COMMENT='Central list of columns';

-- --------------------------------------------------------

--
-- Estructura de tabla para la tabla `pma__column_info`
--

CREATE TABLE `pma__column_info` (
  `id` int(5) UNSIGNED NOT NULL,
  `db_name` varchar(64) NOT NULL DEFAULT '',
  `table_name` varchar(64) NOT NULL DEFAULT '',
  `column_name` varchar(64) NOT NULL DEFAULT '',
  `comment` varchar(255) CHARACTER SET utf8 COLLATE utf8_general_ci NOT NULL DEFAULT '',
  `mimetype` varchar(255) CHARACTER SET utf8 COLLATE utf8_general_ci NOT NULL DEFAULT '',
  `transformation` varchar(255) NOT NULL DEFAULT '',
  `transformation_options` varchar(255) NOT NULL DEFAULT '',
  `input_transformation` varchar(255) NOT NULL DEFAULT '',
  `input_transformation_options` varchar(255) NOT NULL DEFAULT ''
) ENGINE=InnoDB DEFAULT CHARSET=utf8 COLLATE=utf8_bin COMMENT='Column information for phpMyAdmin';

-- --------------------------------------------------------

--
-- Estructura de tabla para la tabla `pma__designer_settings`
--

CREATE TABLE `pma__designer_settings` (
  `username` varchar(64) NOT NULL,
  `settings_data` text NOT NULL
) ENGINE=InnoDB DEFAULT CHARSET=utf8 COLLATE=utf8_bin COMMENT='Settings related to Designer';

-- --------------------------------------------------------

--
-- Estructura de tabla para la tabla `pma__export_templates`
--

CREATE TABLE `pma__export_templates` (
  `id` int(5) UNSIGNED NOT NULL,
  `username` varchar(64) NOT NULL,
  `export_type` varchar(10) NOT NULL,
  `template_name` varchar(64) NOT NULL,
  `template_data` text NOT NULL
) ENGINE=InnoDB DEFAULT CHARSET=utf8 COLLATE=utf8_bin COMMENT='Saved export templates';

-- --------------------------------------------------------

--
-- Estructura de tabla para la tabla `pma__favorite`
--

CREATE TABLE `pma__favorite` (
  `username` varchar(64) NOT NULL,
  `tables` text NOT NULL
) ENGINE=InnoDB DEFAULT CHARSET=utf8 COLLATE=utf8_bin COMMENT='Favorite tables';

-- --------------------------------------------------------

--
-- Estructura de tabla para la tabla `pma__history`
--

CREATE TABLE `pma__history` (
  `id` bigint(20) UNSIGNED NOT NULL,
  `username` varchar(64) NOT NULL DEFAULT '',
  `db` varchar(64) NOT NULL DEFAULT '',
  `table` varchar(64) NOT NULL DEFAULT '',
  `timevalue` timestamp NOT NULL DEFAULT current_timestamp(),
  `sqlquery` text NOT NULL
) ENGINE=InnoDB DEFAULT CHARSET=utf8 COLLATE=utf8_bin COMMENT='SQL history for phpMyAdmin';

-- --------------------------------------------------------

--
-- Estructura de tabla para la tabla `pma__navigationhiding`
--

CREATE TABLE `pma__navigationhiding` (
  `username` varchar(64) NOT NULL,
  `item_name` varchar(64) NOT NULL,
  `item_type` varchar(64) NOT NULL,
  `db_name` varchar(64) NOT NULL,
  `table_name` varchar(64) NOT NULL
) ENGINE=InnoDB DEFAULT CHARSET=utf8 COLLATE=utf8_bin COMMENT='Hidden items of navigation tree';

-- --------------------------------------------------------

--
-- Estructura de tabla para la tabla `pma__pdf_pages`
--

CREATE TABLE `pma__pdf_pages` (
  `db_name` varchar(64) NOT NULL DEFAULT '',
  `page_nr` int(10) UNSIGNED NOT NULL,
  `page_descr` varchar(50) CHARACTER SET utf8 COLLATE utf8_general_ci NOT NULL DEFAULT ''
) ENGINE=InnoDB DEFAULT CHARSET=utf8 COLLATE=utf8_bin COMMENT='PDF relation pages for phpMyAdmin';

-- --------------------------------------------------------

--
-- Estructura de tabla para la tabla `pma__recent`
--

CREATE TABLE `pma__recent` (
  `username` varchar(64) NOT NULL,
  `tables` text NOT NULL
) ENGINE=InnoDB DEFAULT CHARSET=utf8 COLLATE=utf8_bin COMMENT='Recently accessed tables';

--
-- Volcado de datos para la tabla `pma__recent`
--

INSERT INTO `pma__recent` (`username`, `tables`) VALUES
('root', '[{\"db\":\"portal_cursos\",\"table\":\"usuarios\"},{\"db\":\"portal_cursos\",\"table\":\"usuarios_roles\"}]');

-- --------------------------------------------------------

--
-- Estructura de tabla para la tabla `pma__relation`
--

CREATE TABLE `pma__relation` (
  `master_db` varchar(64) NOT NULL DEFAULT '',
  `master_table` varchar(64) NOT NULL DEFAULT '',
  `master_field` varchar(64) NOT NULL DEFAULT '',
  `foreign_db` varchar(64) NOT NULL DEFAULT '',
  `foreign_table` varchar(64) NOT NULL DEFAULT '',
  `foreign_field` varchar(64) NOT NULL DEFAULT ''
) ENGINE=InnoDB DEFAULT CHARSET=utf8 COLLATE=utf8_bin COMMENT='Relation table';

-- --------------------------------------------------------

--
-- Estructura de tabla para la tabla `pma__savedsearches`
--

CREATE TABLE `pma__savedsearches` (
  `id` int(5) UNSIGNED NOT NULL,
  `username` varchar(64) NOT NULL DEFAULT '',
  `db_name` varchar(64) NOT NULL DEFAULT '',
  `search_name` varchar(64) NOT NULL DEFAULT '',
  `search_data` text NOT NULL
) ENGINE=InnoDB DEFAULT CHARSET=utf8 COLLATE=utf8_bin COMMENT='Saved searches';

-- --------------------------------------------------------

--
-- Estructura de tabla para la tabla `pma__table_coords`
--

CREATE TABLE `pma__table_coords` (
  `db_name` varchar(64) NOT NULL DEFAULT '',
  `table_name` varchar(64) NOT NULL DEFAULT '',
  `pdf_page_number` int(11) NOT NULL DEFAULT 0,
  `x` float UNSIGNED NOT NULL DEFAULT 0,
  `y` float UNSIGNED NOT NULL DEFAULT 0
) ENGINE=InnoDB DEFAULT CHARSET=utf8 COLLATE=utf8_bin COMMENT='Table coordinates for phpMyAdmin PDF output';

-- --------------------------------------------------------

--
-- Estructura de tabla para la tabla `pma__table_info`
--

CREATE TABLE `pma__table_info` (
  `db_name` varchar(64) NOT NULL DEFAULT '',
  `table_name` varchar(64) NOT NULL DEFAULT '',
  `display_field` varchar(64) NOT NULL DEFAULT ''
) ENGINE=InnoDB DEFAULT CHARSET=utf8 COLLATE=utf8_bin COMMENT='Table information for phpMyAdmin';

-- --------------------------------------------------------

--
-- Estructura de tabla para la tabla `pma__table_uiprefs`
--

CREATE TABLE `pma__table_uiprefs` (
  `username` varchar(64) NOT NULL,
  `db_name` varchar(64) NOT NULL,
  `table_name` varchar(64) NOT NULL,
  `prefs` text NOT NULL,
  `last_update` timestamp NOT NULL DEFAULT current_timestamp() ON UPDATE current_timestamp()
) ENGINE=InnoDB DEFAULT CHARSET=utf8 COLLATE=utf8_bin COMMENT='Tables'' UI preferences';

-- --------------------------------------------------------

--
-- Estructura de tabla para la tabla `pma__tracking`
--

CREATE TABLE `pma__tracking` (
  `db_name` varchar(64) NOT NULL,
  `table_name` varchar(64) NOT NULL,
  `version` int(10) UNSIGNED NOT NULL,
  `date_created` datetime NOT NULL,
  `date_updated` datetime NOT NULL,
  `schema_snapshot` text NOT NULL,
  `schema_sql` text DEFAULT NULL,
  `data_sql` longtext DEFAULT NULL,
  `tracking` set('UPDATE','REPLACE','INSERT','DELETE','TRUNCATE','CREATE DATABASE','ALTER DATABASE','DROP DATABASE','CREATE TABLE','ALTER TABLE','RENAME TABLE','DROP TABLE','CREATE INDEX','DROP INDEX','CREATE VIEW','ALTER VIEW','DROP VIEW') DEFAULT NULL,
  `tracking_active` int(1) UNSIGNED NOT NULL DEFAULT 1
) ENGINE=InnoDB DEFAULT CHARSET=utf8 COLLATE=utf8_bin COMMENT='Database changes tracking for phpMyAdmin';

-- --------------------------------------------------------

--
-- Estructura de tabla para la tabla `pma__userconfig`
--

CREATE TABLE `pma__userconfig` (
  `username` varchar(64) NOT NULL,
  `timevalue` timestamp NOT NULL DEFAULT current_timestamp() ON UPDATE current_timestamp(),
  `config_data` text NOT NULL
) ENGINE=InnoDB DEFAULT CHARSET=utf8 COLLATE=utf8_bin COMMENT='User preferences storage for phpMyAdmin';

--
-- Volcado de datos para la tabla `pma__userconfig`
--

INSERT INTO `pma__userconfig` (`username`, `timevalue`, `config_data`) VALUES
('root', '2025-10-30 17:28:52', '{\"Console\\/Mode\":\"collapse\",\"lang\":\"es\"}');

-- --------------------------------------------------------

--
-- Estructura de tabla para la tabla `pma__usergroups`
--

CREATE TABLE `pma__usergroups` (
  `usergroup` varchar(64) NOT NULL,
  `tab` varchar(64) NOT NULL,
  `allowed` enum('Y','N') NOT NULL DEFAULT 'N'
) ENGINE=InnoDB DEFAULT CHARSET=utf8 COLLATE=utf8_bin COMMENT='User groups with configured menu items';

-- --------------------------------------------------------

--
-- Estructura de tabla para la tabla `pma__users`
--

CREATE TABLE `pma__users` (
  `username` varchar(64) NOT NULL,
  `usergroup` varchar(64) NOT NULL
) ENGINE=InnoDB DEFAULT CHARSET=utf8 COLLATE=utf8_bin COMMENT='Users and their assignments to user groups';

--
-- ndices para tablas volcadas
--

--
-- Indices de la tabla `pma__bookmark`
--
ALTER TABLE `pma__bookmark`
  ADD PRIMARY KEY (`id`);

--
-- Indices de la tabla `pma__central_columns`
--
ALTER TABLE `pma__central_columns`
  ADD PRIMARY KEY (`db_name`,`col_name`);

--
-- Indices de la tabla `pma__column_info`
--
ALTER TABLE `pma__column_info`
  ADD PRIMARY KEY (`id`),
  ADD UNIQUE KEY `db_name` (`db_name`,`table_name`,`column_name`);

--
-- Indices de la tabla `pma__designer_settings`
--
ALTER TABLE `pma__designer_settings`
  ADD PRIMARY KEY (`username`);

--
-- Indices de la tabla `pma__export_templates`
--
ALTER TABLE `pma__export_templates`
  ADD PRIMARY KEY (`id`),
  ADD UNIQUE KEY `u_user_type_template` (`username`,`export_type`,`template_name`);

--
-- Indices de la tabla `pma__favorite`
--
ALTER TABLE `pma__favorite`
  ADD PRIMARY KEY (`username`);

--
-- Indices de la tabla `pma__history`
--
ALTER TABLE `pma__history`
  ADD PRIMARY KEY (`id`),
  ADD KEY `username` (`username`,`db`,`table`,`timevalue`);

--
-- Indices de la tabla `pma__navigationhiding`
--
ALTER TABLE `pma__navigationhiding`
  ADD PRIMARY KEY (`username`,`item_name`,`item_type`,`db_name`,`table_name`);

--
-- Indices de la tabla `pma__pdf_pages`
--
ALTER TABLE `pma__pdf_pages`
  ADD PRIMARY KEY (`page_nr`),
  ADD KEY `db_name` (`db_name`);

--
-- Indices de la tabla `pma__recent`
--
ALTER TABLE `pma__recent`
  ADD PRIMARY KEY (`username`);

--
-- Indices de la tabla `pma__relation`
--
ALTER TABLE `pma__relation`
  ADD PRIMARY KEY (`master_db`,`master_table`,`master_field`),
  ADD KEY `foreign_field` (`foreign_db`,`foreign_table`);

--
-- Indices de la tabla `pma__savedsearches`
--
ALTER TABLE `pma__savedsearches`
  ADD PRIMARY KEY (`id`),
  ADD UNIQUE KEY `u_savedsearches_username_dbname` (`username`,`db_name`,`search_name`);

--
-- Indices de la tabla `pma__table_coords`
--
ALTER TABLE `pma__table_coords`
  ADD PRIMARY KEY (`db_name`,`table_name`,`pdf_page_number`);

--
-- Indices de la tabla `pma__table_info`
--
ALTER TABLE `pma__table_info`
  ADD PRIMARY KEY (`db_name`,`table_name`);

--
-- Indices de la tabla `pma__table_uiprefs`
--
ALTER TABLE `pma__table_uiprefs`
  ADD PRIMARY KEY (`username`,`db_name`,`table_name`);

--
-- Indices de la tabla `pma__tracking`
--
ALTER TABLE `pma__tracking`
  ADD PRIMARY KEY (`db_name`,`table_name`,`version`);

--
-- Indices de la tabla `pma__userconfig`
--
ALTER TABLE `pma__userconfig`
  ADD PRIMARY KEY (`username`);

--
-- Indices de la tabla `pma__usergroups`
--
ALTER TABLE `pma__usergroups`
  ADD PRIMARY KEY (`usergroup`,`tab`,`allowed`);

--
-- Indices de la tabla `pma__users`
--
ALTER TABLE `pma__users`
  ADD PRIMARY KEY (`username`,`usergroup`);

--
-- AUTO_INCREMENT de las tablas volcadas
--

--
-- AUTO_INCREMENT de la tabla `pma__bookmark`
--
ALTER TABLE `pma__bookmark`
  MODIFY `id` int(10) UNSIGNED NOT NULL AUTO_INCREMENT;

--
-- AUTO_INCREMENT de la tabla `pma__column_info`
--
ALTER TABLE `pma__column_info`
  MODIFY `id` int(5) UNSIGNED NOT NULL AUTO_INCREMENT;

--
-- AUTO_INCREMENT de la tabla `pma__export_templates`
--
ALTER TABLE `pma__export_templates`
  MODIFY `id` int(5) UNSIGNED NOT NULL AUTO_INCREMENT;

--
-- AUTO_INCREMENT de la tabla `pma__history`
--
ALTER TABLE `pma__history`
  MODIFY `id` bigint(20) UNSIGNED NOT NULL AUTO_INCREMENT;

--
-- AUTO_INCREMENT de la tabla `pma__pdf_pages`
--
ALTER TABLE `pma__pdf_pages`
  MODIFY `page_nr` int(10) UNSIGNED NOT NULL AUTO_INCREMENT;

--
-- AUTO_INCREMENT de la tabla `pma__savedsearches`
--
ALTER TABLE `pma__savedsearches`
  MODIFY `id` int(5) UNSIGNED NOT NULL AUTO_INCREMENT;
--
-- Base de datos: `portal_cursos`
--
CREATE DATABASE IF NOT EXISTS `portal_cursos` DEFAULT CHARACTER SET utf8mb4 COLLATE utf8mb4_general_ci;
USE `portal_cursos`;

-- --------------------------------------------------------

--
-- Estructura de tabla para la tabla `categorias`
--

CREATE TABLE `categorias` (
  `id_categoria` int(11) NOT NULL,
  `nombre` varchar(80) NOT NULL,
  `slug` varchar(100) NOT NULL
) ENGINE=InnoDB DEFAULT CHARSET=utf8mb4 COLLATE=utf8mb4_general_ci;

--
-- Volcado de datos para la tabla `categorias`
--

INSERT INTO `categorias` (`id_categoria`, `nombre`, `slug`) VALUES
(1, 'Tecnolog铆a', 'tecnologia'),
(2, 'Negocios', 'negocios'),
(3, 'Dise帽o', 'diseno'),
(4, 'Marketing', 'marketing'),
(5, 'Desarrollo Personal', 'desarrollo-personal'),
(6, 'Idiomas', 'idiomas'),
(7, 'Salud y Bienestar', 'salud-bienestar'),
(8, 'Artes', 'artes'),
(9, 'Ciencias', 'ciencias'),
(10, 'Educaci贸n', 'educacion');

-- --------------------------------------------------------

--
-- Estructura de tabla para la tabla `cursos`
--

CREATE TABLE `cursos` (
  `id_curso` int(11) NOT NULL,
  `id_instructor` int(11) NOT NULL,
  `titulo` varchar(150) NOT NULL,
  `slug` varchar(170) NOT NULL,
  `portada` varchar(255) DEFAULT NULL,
  `descripcion` text NOT NULL,
  `duracion` varchar(50) DEFAULT NULL,
  `modalidad` enum('PRESENCIAL','VIRTUAL','HIBRIDA') NOT NULL DEFAULT 'VIRTUAL',
  `precio` decimal(10,2) NOT NULL DEFAULT 0.00,
  `fecha_inicio` date DEFAULT NULL,
  `cupos` int(11) NOT NULL DEFAULT 0,
  `estado` enum('BORRADOR','PENDIENTE','PUBLICADO','ARCHIVADO') NOT NULL DEFAULT 'BORRADOR',
  `creado_en` datetime NOT NULL DEFAULT current_timestamp(),
  `actualizado_en` datetime NOT NULL DEFAULT current_timestamp(),
  `id_categoria` int(11) DEFAULT NULL
) ENGINE=InnoDB DEFAULT CHARSET=utf8mb4 COLLATE=utf8mb4_general_ci;

--
-- Volcado de datos para la tabla `cursos`
--

INSERT INTO `cursos` (`id_curso`, `id_instructor`, `titulo`, `slug`, `portada`, `descripcion`, `duracion`, `modalidad`, `precio`, `fecha_inicio`, `cupos`, `estado`, `creado_en`, `actualizado_en`, `id_categoria`) VALUES
(11, 12, 'React', 'react', '/portal_cursos/uploads/portadas/portada_11_1760125658.png', 'React es una biblioteca de Javascript para crear interfaces web de usuario, tipicamente se usa para crear aplicaciones web frontend.\r\nEn este curso de React aprender谩s las bases necesarias de React como componentes (Components), props, estado (useState), hooks, estilos, useContext, useEffect, ademas de usar otras herramientas como create-react-app, vitejs, tailwindcss, react-icons y otras mas bibliotecas de npm (Nodejs).\r\n\r\nEste un curso enfocado en principiantes asi que si no sabes nada de React, este es tu punto de partida.', '1 secci贸n, 1 clase, 4 horas', 'VIRTUAL', 23.00, '2025-09-30', 5, 'PUBLICADO', '2025-10-10 13:47:38', '2025-10-10 15:02:24', 1),
(12, 12, 'Node JS', 'node-js', '/portal_cursos/uploads/portadas/portada_12_1760125773.png', 'Aprende todo lo que necesitas saber sobre Node.js. En esta Cap铆tulo 1, conocer谩s realmente lo que es, c贸mo funciona, haremos ejercicios interactivos, veremos su sistema de m贸dulos desde cero y muchas cosas m谩s.', '1 secci贸n, 1 clase, 4 horas', 'VIRTUAL', 23.00, '2025-10-17', 5, 'PUBLICADO', '2025-10-10 13:49:33', '2025-10-10 15:02:43', 1),
(13, 12, 'Curo Docker', 'curo-docker', '/portal_cursos/uploads/portadas/portada_13_1760205248.png', 'Primer episodio del curso de #docker,  se introduce docker, sus ventajas, diferencias frente a las m谩quinas virtuales y el est谩ndar OCI.', '3 secci贸nes, 4 clases, 4 horas', 'VIRTUAL', 34.00, '2025-10-15', 45, 'PUBLICADO', '2025-10-11 11:54:08', '2025-10-11 12:25:39', 1),
(15, 13, 'Curso de guitarra intermedio', 'curso-de-guitarra-intermedio', '/portal_cursos/uploads/portadas/portada_15_1760206952.jpg', 'Este Curso de guitarra intermedio tambi茅n est谩 disponible en nuestra plataforma, donde aparte de la lecci贸n se encuentran los pdf de descargar, los ejercicios de cada lecci贸n y las rutinas de pr谩ctica', '2 secci贸nes, 3 clases, 5 horas', 'VIRTUAL', 34.00, '2025-10-07', 0, 'PUBLICADO', '2025-10-11 12:22:32', '2025-10-11 12:26:30', 8),
(16, 11, 'Cursos de piano', 'cursos-de-piano', '/portal_cursos/uploads/portadas/portada_16_1761844569.jpg', '隆Hola a todos!  Si disfrutaste de esta clase de piano, 隆tengo una gran noticia para ti! He ampliado esta lecci贸n en mi sitio web con im谩genes, GIFs animados y textos explicativos que te ayudar谩n a aprender de una manera m谩s completa y divertida. ', '3 secci贸nes, 3 clases, 3 horas', 'VIRTUAL', 9.00, '2025-10-31', 0, 'PUBLICADO', '2025-10-30 11:16:09', '2025-10-30 11:17:08', 8);

-- --------------------------------------------------------

--
-- Estructura de tabla para la tabla `inscripciones`
--

CREATE TABLE `inscripciones` (
  `id_inscripcion` int(11) NOT NULL,
  `id_curso` int(11) NOT NULL,
  `id_estudiante` int(11) NOT NULL,
  `fecha_inscrito` datetime NOT NULL DEFAULT current_timestamp()
) ENGINE=InnoDB DEFAULT CHARSET=utf8mb4 COLLATE=utf8mb4_general_ci;

-- --------------------------------------------------------

--
-- Estructura de tabla para la tabla `materiales`
--

CREATE TABLE `materiales` (
  `id_material` int(11) NOT NULL,
  `id_curso` int(11) NOT NULL,
  `id_usuario` int(11) NOT NULL,
  `titulo` varchar(150) NOT NULL,
  `ruta_archivo` varchar(255) NOT NULL,
  `creado_en` datetime NOT NULL DEFAULT current_timestamp()
) ENGINE=InnoDB DEFAULT CHARSET=utf8mb4 COLLATE=utf8mb4_general_ci;

--
-- Volcado de datos para la tabla `materiales`
--

INSERT INTO `materiales` (`id_material`, `id_curso`, `id_usuario`, `titulo`, `ruta_archivo`, `creado_en`) VALUES
(12, 11, 12, 'Curso de Reactjs desde Cero para principiantes 2022', 'https://youtu.be/GoGGSc-LuZE?si=vMV-tRitcfdT_owr', '2025-10-10 13:47:38'),
(13, 11, 12, 'react', '/portal_cursos/uploads/materiales/material_11_1760125658_0.png', '2025-10-10 13:47:38'),
(14, 12, 12, 'Introducci贸n y primeros pasos', 'https://youtu.be/yB4n_K7dZV8?si=GwCdLF5JO3cfa64K', '2025-10-10 13:49:33'),
(15, 12, 12, 'Desarrollando una API con Express desde cero', 'https://youtu.be/YmZE1HXjpd4?si=5g9E8ychwH10T1xD', '2025-10-10 13:49:33'),
(16, 12, 12, '1_uMw2nMkXV3DuTmIUEKO7Xg', '/portal_cursos/uploads/materiales/material_12_1760125773_0.png', '2025-10-10 13:49:33'),
(17, 13, 12, '1. Introducci贸n, docker vs VMs, OCI, casos de uso... - Curso Docker gratuito y en espa帽ol', 'https://youtu.be/AquOM-ISsnA?si=7zMshsWvWzLEDxW5', '2025-10-11 11:54:08'),
(18, 13, 12, '2. Instalaci贸n Docker Desktop y Engine en Windows, Mac y Linux - Curso docker gratuito y en espa帽ol', 'https://youtu.be/obALwLV-49U?si=PL5V43rUearrI5Q8', '2025-10-11 11:54:08'),
(19, 13, 12, '3. Conceptos b谩sicos, contenedor, imagen, dockerfile, dockerhub - Curso docker gratuito en espa帽ol', 'https://youtu.be/cWm3_PZR7Os?si=AEMSdvDIH6yqOL9F', '2025-10-11 11:54:08'),
(20, 13, 12, 'docker', '/portal_cursos/uploads/materiales/material_13_1760205248_0.png', '2025-10-11 11:54:08'),
(24, 15, 13, 'Curso de guitarra intermedio - Lecci贸n 1 - ACORDES BSICOS', 'https://youtu.be/mNu5qRpRsqU?si=UZa51MLaQ0EevSrv', '2025-10-11 12:22:32'),
(25, 15, 13, 'Curso de guitarra intermedio - Lecci贸n 2 - ACORDES CON CEJILLA', 'https://youtu.be/HtXbU5lVcFQ?si=Yb5aUVMLfFhra1IS', '2025-10-11 12:22:32'),
(26, 15, 13, 'tipos-de-guitarra-electrica', '/portal_cursos/uploads/materiales/material_15_1760206952_0.jpg', '2025-10-11 12:22:32'),
(27, 16, 11, 'C贸mo tocar teclado para principiantes - Clase 1 - Clases de piano', 'https://youtu.be/cbBM9pzVf0M?si=C8JAYUfkTK7ME_2z', '2025-10-30 11:16:09'),
(28, 16, 11, 'C贸mo tocar teclado para principiantes - Clase 2 - Clases de piano - Curso de piano', 'https://youtu.be/9TAtZpoUUzo?si=AcFhvcwTPNJXu6vF', '2025-10-30 11:16:09'),
(29, 16, 11, 'piano-178690421', '/portal_cursos/uploads/materiales/material_16_1761844569_0.jpg', '2025-10-30 11:16:09');

-- --------------------------------------------------------

--
-- Estructura de tabla para la tabla `pagos`
--

CREATE TABLE `pagos` (
  `id_pago` int(11) NOT NULL,
  `id_inscripcion` int(11) NOT NULL,
  `proveedor` enum('PAYPAL_SANDBOX') NOT NULL DEFAULT 'PAYPAL_SANDBOX',
  `estado` enum('PENDIENTE','APROBADO','FALLIDO','REEMBOLSADO') NOT NULL DEFAULT 'PENDIENTE',
  `monto` decimal(10,2) NOT NULL,
  `moneda` varchar(10) NOT NULL DEFAULT 'USD',
  `id_transaccion` varchar(120) DEFAULT NULL,
  `url_recibo` varchar(255) DEFAULT NULL,
  `creado_en` datetime NOT NULL DEFAULT current_timestamp(),
  `actualizado_en` datetime NOT NULL DEFAULT current_timestamp()
) ENGINE=InnoDB DEFAULT CHARSET=utf8mb4 COLLATE=utf8mb4_general_ci;

-- --------------------------------------------------------

--
-- Estructura de tabla para la tabla `resenas`
--

CREATE TABLE `resenas` (
  `id_resena` int(11) NOT NULL,
  `id_curso` int(11) NOT NULL,
  `id_estudiante` int(11) NOT NULL,
  `calificacion` int(11) NOT NULL,
  `comentario` text DEFAULT NULL,
  `creado_en` datetime NOT NULL DEFAULT current_timestamp()
) ENGINE=InnoDB DEFAULT CHARSET=utf8mb4 COLLATE=utf8mb4_general_ci;

-- --------------------------------------------------------

--
-- Estructura de tabla para la tabla `roles`
--

CREATE TABLE `roles` (
  `id_rol` int(11) NOT NULL,
  `codigo` varchar(30) NOT NULL,
  `nombre` varchar(60) NOT NULL
) ENGINE=InnoDB DEFAULT CHARSET=utf8mb4 COLLATE=utf8mb4_general_ci;

--
-- Volcado de datos para la tabla `roles`
--

INSERT INTO `roles` (`id_rol`, `codigo`, `nombre`) VALUES
(1, 'estudiante', 'Estudiante'),
(2, 'instructor', 'Instructor'),
(3, 'administrador', 'Administrador');

-- --------------------------------------------------------

--
-- Estructura de tabla para la tabla `usuarios`
--

CREATE TABLE `usuarios` (
  `id_usuario` int(11) NOT NULL,
  `nombre_completo` varchar(100) NOT NULL,
  `correo` varchar(150) NOT NULL,
  `contrasena_hash` varchar(255) NOT NULL,
  `estado` enum('ACTIVO','INACTIVO') NOT NULL DEFAULT 'ACTIVO',
  `creado_en` datetime NOT NULL DEFAULT current_timestamp(),
  `actualizado_en` datetime NOT NULL DEFAULT current_timestamp()
) ENGINE=InnoDB DEFAULT CHARSET=utf8mb4 COLLATE=utf8mb4_general_ci;

--
-- Volcado de datos para la tabla `usuarios`
--

INSERT INTO `usuarios` (`id_usuario`, `nombre_completo`, `correo`, `contrasena_hash`, `estado`, `creado_en`, `actualizado_en`) VALUES
(9, 'Administrador', 'admin@gmail.com', '$2y$10$svHdSxfc4ZXBjTNKA4./XehKIy8r25yoYA841Q7bofTgcIpjQ9DOe', 'ACTIVO', '2025-10-02 14:48:31', '2025-10-02 14:48:31'),
(11, 'Instructor', 'instructor@gmial.com', '$2y$10$eYCHnl675CfExhZgOxtkoeYF.Fb8OUxaC.5SGORMlb1zvPwHIA5zC', 'ACTIVO', '2025-10-02 17:21:10', '2025-10-02 17:21:10'),
(12, 'Estudiante', 'estudiante@gmail.com', '$2y$10$AJGl8q3OrHfdwBrRF8J2v.WlQQqGzWnqPn2ThE1LuW1njs6j0yLRK', 'ACTIVO', '2025-10-03 18:57:26', '2025-10-03 18:57:26'),
(13, 'Mario', 'mario@gmail.com', '$2y$10$PJZZRx31gUpr91n.JSDZluDEPy2ist39ktJUMQApmfvOIU1zOW39G', 'ACTIVO', '2025-10-11 12:13:34', '2025-10-11 12:13:34'),
(14, 'Daniel', 'daniel@gmail.com', '$2y$10$EsOVkm7hTu8MI/v4fTrSbOwEzDeUmA.I642sDDTXRmex6dG8wcWFy', 'ACTIVO', '2025-10-30 09:22:40', '2025-10-30 09:22:40');

-- --------------------------------------------------------

--
-- Estructura de tabla para la tabla `usuarios_roles`
--

CREATE TABLE `usuarios_roles` (
  `id_usuario` int(11) NOT NULL,
  `id_rol` int(11) NOT NULL
) ENGINE=InnoDB DEFAULT CHARSET=utf8mb4 COLLATE=utf8mb4_general_ci;

--
-- Volcado de datos para la tabla `usuarios_roles`
--

INSERT INTO `usuarios_roles` (`id_usuario`, `id_rol`) VALUES
(9, 3),
(11, 2),
(12, 1),
(13, 1),
(14, 1);

--
-- ndices para tablas volcadas
--

--
-- Indices de la tabla `categorias`
--
ALTER TABLE `categorias`
  ADD PRIMARY KEY (`id_categoria`),
  ADD UNIQUE KEY `nombre` (`nombre`),
  ADD UNIQUE KEY `slug` (`slug`);

--
-- Indices de la tabla `cursos`
--
ALTER TABLE `cursos`
  ADD PRIMARY KEY (`id_curso`),
  ADD UNIQUE KEY `slug` (`slug`),
  ADD UNIQUE KEY `cursos_index_1` (`id_instructor`,`titulo`),
  ADD KEY `id_categoria` (`id_categoria`);

--
-- Indices de la tabla `inscripciones`
--
ALTER TABLE `inscripciones`
  ADD PRIMARY KEY (`id_inscripcion`),
  ADD UNIQUE KEY `inscripciones_index_3` (`id_curso`,`id_estudiante`),
  ADD KEY `id_estudiante` (`id_estudiante`);

--
-- Indices de la tabla `materiales`
--
ALTER TABLE `materiales`
  ADD PRIMARY KEY (`id_material`),
  ADD KEY `id_curso` (`id_curso`),
  ADD KEY `id_usuario` (`id_usuario`);

--
-- Indices de la tabla `pagos`
--
ALTER TABLE `pagos`
  ADD PRIMARY KEY (`id_pago`),
  ADD UNIQUE KEY `pagos_index_4` (`id_transaccion`),
  ADD KEY `id_inscripcion` (`id_inscripcion`);

--
-- Indices de la tabla `resenas`
--
ALTER TABLE `resenas`
  ADD PRIMARY KEY (`id_resena`),
  ADD UNIQUE KEY `resenas_index_5` (`id_curso`,`id_estudiante`),
  ADD KEY `id_estudiante` (`id_estudiante`);

--
-- Indices de la tabla `roles`
--
ALTER TABLE `roles`
  ADD PRIMARY KEY (`id_rol`),
  ADD UNIQUE KEY `codigo` (`codigo`);

--
-- Indices de la tabla `usuarios`
--
ALTER TABLE `usuarios`
  ADD PRIMARY KEY (`id_usuario`),
  ADD UNIQUE KEY `correo` (`correo`);

--
-- Indices de la tabla `usuarios_roles`
--
ALTER TABLE `usuarios_roles`
  ADD UNIQUE KEY `usuarios_roles_index_0` (`id_usuario`,`id_rol`),
  ADD KEY `id_rol` (`id_rol`);

--
-- AUTO_INCREMENT de las tablas volcadas
--

--
-- AUTO_INCREMENT de la tabla `categorias`
--
ALTER TABLE `categorias`
  MODIFY `id_categoria` int(11) NOT NULL AUTO_INCREMENT, AUTO_INCREMENT=12;

--
-- AUTO_INCREMENT de la tabla `cursos`
--
ALTER TABLE `cursos`
  MODIFY `id_curso` int(11) NOT NULL AUTO_INCREMENT, AUTO_INCREMENT=17;

--
-- AUTO_INCREMENT de la tabla `inscripciones`
--
ALTER TABLE `inscripciones`
  MODIFY `id_inscripcion` int(11) NOT NULL AUTO_INCREMENT;

--
-- AUTO_INCREMENT de la tabla `materiales`
--
ALTER TABLE `materiales`
  MODIFY `id_material` int(11) NOT NULL AUTO_INCREMENT, AUTO_INCREMENT=30;

--
-- AUTO_INCREMENT de la tabla `pagos`
--
ALTER TABLE `pagos`
  MODIFY `id_pago` int(11) NOT NULL AUTO_INCREMENT;

--
-- AUTO_INCREMENT de la tabla `resenas`
--
ALTER TABLE `resenas`
  MODIFY `id_resena` int(11) NOT NULL AUTO_INCREMENT;

--
-- AUTO_INCREMENT de la tabla `roles`
--
ALTER TABLE `roles`
  MODIFY `id_rol` int(11) NOT NULL AUTO_INCREMENT, AUTO_INCREMENT=4;

--
-- AUTO_INCREMENT de la tabla `usuarios`
--
ALTER TABLE `usuarios`
  MODIFY `id_usuario` int(11) NOT NULL AUTO_INCREMENT, AUTO_INCREMENT=15;

--
-- Restricciones para tablas volcadas
--

--
-- Filtros para la tabla `cursos`
--
ALTER TABLE `cursos`
  ADD CONSTRAINT `cursos_ibfk_1` FOREIGN KEY (`id_instructor`) REFERENCES `usuarios` (`id_usuario`),
  ADD CONSTRAINT `cursos_ibfk_2` FOREIGN KEY (`id_categoria`) REFERENCES `categorias` (`id_categoria`) ON DELETE SET NULL;

--
-- Filtros para la tabla `inscripciones`
--
ALTER TABLE `inscripciones`
  ADD CONSTRAINT `inscripciones_ibfk_1` FOREIGN KEY (`id_curso`) REFERENCES `cursos` (`id_curso`),
  ADD CONSTRAINT `inscripciones_ibfk_2` FOREIGN KEY (`id_estudiante`) REFERENCES `usuarios` (`id_usuario`);

--
-- Filtros para la tabla `materiales`
--
ALTER TABLE `materiales`
  ADD CONSTRAINT `materiales_ibfk_1` FOREIGN KEY (`id_curso`) REFERENCES `cursos` (`id_curso`),
  ADD CONSTRAINT `materiales_ibfk_2` FOREIGN KEY (`id_usuario`) REFERENCES `usuarios` (`id_usuario`);

--
-- Filtros para la tabla `pagos`
--
ALTER TABLE `pagos`
  ADD CONSTRAINT `pagos_ibfk_1` FOREIGN KEY (`id_inscripcion`) REFERENCES `inscripciones` (`id_inscripcion`);

--
-- Filtros para la tabla `resenas`
--
ALTER TABLE `resenas`
  ADD CONSTRAINT `resenas_ibfk_1` FOREIGN KEY (`id_curso`) REFERENCES `cursos` (`id_curso`),
  ADD CONSTRAINT `resenas_ibfk_2` FOREIGN KEY (`id_estudiante`) REFERENCES `usuarios` (`id_usuario`);

--
-- Filtros para la tabla `usuarios_roles`
--
ALTER TABLE `usuarios_roles`
  ADD CONSTRAINT `usuarios_roles_ibfk_1` FOREIGN KEY (`id_usuario`) REFERENCES `usuarios` (`id_usuario`),
  ADD CONSTRAINT `usuarios_roles_ibfk_2` FOREIGN KEY (`id_rol`) REFERENCES `roles` (`id_rol`);
--
-- Base de datos: `test`
--
CREATE DATABASE IF NOT EXISTS `test` DEFAULT CHARACTER SET latin1 COLLATE latin1_swedish_ci;
USE `test`;
COMMIT;

/*!40101 SET CHARACTER_SET_CLIENT=@OLD_CHARACTER_SET_CLIENT */;
/*!40101 SET CHARACTER_SET_RESULTS=@OLD_CHARACTER_SET_RESULTS */;
/*!40101 SET COLLATION_CONNECTION=@OLD_COLLATION_CONNECTION */;
